. lexicography,lexicography
3d,3D
3d scanning,"3D, 3D scanning"
abbreviations,abbreviations
abydos,Abydos
achaemenid,Achaemenids
achaemenids,Achaemenids
achemenet,Achemenet
administrative,
adriatic,Adriatic
aegean,Aegean
afghanistan,Afghanistan
afo,AfO
africa,Africa
aggregator,aggregator
agriculture,agriculture
ägyptische sprache und literatur,"Egyptian, literature"
ägyptologie,Egyptology
aia,AIA
aja,AJA
akkadan,Akkadian
akkadian,Akkadian
alalakh,Alalakh
albania,Albania
aleppo,Aleppo
alexandria,Alexandria
alexandria archive institute,Alexandria Archive Institute
alfred percival maudslay,Alfred Percival Maudslay
algeria,Algeria
alisha,Alishar
alishar,Alishar
alt ac,alt-ac
alt-ac,alt-ac
alte geschichte,ancient history
alter orient,Ancient Near East
altertumswissenschaften,antiquity
altorientalische,Ancient Near East
amar,Amar
amara west,Amara West
amarna,Amarna
american center of oriental research,American Center of Oriental Research
american journal of archaeology,AJA
american philological association,"American Philological Association, Society for Classical Studies"
american research center in egypt,American Research Center in Egypt
american research institute in turkey,ARIT
american school of classical studies at athens,"American School of Classical Studies at Athens, ASCSA"
american schools of oriental research,ASOR
amheida,Amheida
amir,AMIR
amphorae,amphorae
amphores,amphorae
analecta,journal
analysis,analysis
anatolia,Anatolia
anatolis,Anatolia
ancienne,antiquity
anciennes,antiquity
ancient,"antiquity, ancient"
ancient glass,"ancient glass, ancient, glass"
ancient history,ancient history
ancient law,"ancient law, law"
ancient near east,Ancient Near East
ancient science,"ancient, science, ancient science"
andrews university,Andrews University
anem,ANEM
animal husbandry,animal husbandry
annales,journal
annuaire,journal
annual report,"annual report, report"
ans,ANS
anthropological,anthropology
anthropology,anthropology
antiga,antiquity
antigua,"antiquity, ancient"
antigüedad,antiquity
antike,"antiquity, ancient"
antique,"antiquity, ancient"
antiques,antiquity
antiquité,antiquity
antiquités,antiquity
antiquities,antiquities
antiquities trade,antiquities trade
antiquity,antiquity
apa,"American Philological Association, Society for Classical Studies"
aphrodisias,Aphrodisias
app,computer program
aprodisias,Aphrodisias
arab,Arab
arabi,Arabic
arabia,Arabia
arabian,Arabian
arabic,Arabic
arachaeology,archaeology
arachne,"Arachne, DAI"
aramaic,Aramaic
aratta,Aratta
arce,ARCE
archaelogy,archaeology
archaeloogy,Archaeology
archaeobotany,archaeobotany
archaeologica,archaeology
archaeological,archaeology
archaeological,archaeology
archaeological institute of america,AIA
archaeological method,"archaeological method, archaeology"
archaeological scence,"archaeological science, archaeology"
archaeological science,"archaeological science, archaeology"
archaeological site,"archaeology, archaeological site"
archaeological survey,archaeological survey
archaeology,archaeology
archaeology at cambridge,Archaeology at Cambridge
archaeology classics,"archaeology, classics"
archaeology data service,Archaeology Data Service
archaeology egypt,"archaeology, Egypt"
archaeology karnak,"Karnak, archaeology"
archaeology susa,"Archaeology, Susa"
archaeology. games,"archaeology, games"
archaeology. larsa,"archaeology, Larsa"
archaeology. mosul,"Archaeology, Mosul"
archaeoloy,archaeology
archaeozoology,archaeozoology
archäologie,archaeology
archaology,archaeology
archawology,archaeology
archeologia,archaeology
archeologica,archaeology
archéologie,archaeology
archéologique,archaeology
archéologiques,archaeology
archeology,archaeology
archeometery,archeometry
archeometry,archeometry
archibab,ARCHIBAB
archimedes,Archimedes
architecture,architecture
archival,archives
archive,archive
archives,archives
argentina,Argentina
argentine,Argentine
argentine,
aristotle,Aristotle
arit,ARIT
arkeoloji,archaeology
armant,Armant
armenia,Armenia
armenian,Armenian
arqueologia,archaeology
arqueología,archaeology
art,art
art history,art history
arte,art
articles,journal
artifacts,artifacts
artstor,Artstor
ascsa,"ASCSA, American School of Classical Studies at Athens"
ashmolean,Ashmolean
asia,Asia
asian,Asian
asor,ASOR
asor open access journal,"ASOR, open access, journal"
asp,ASP
assur,Assur
assyria,Assyria
assyrian,Assyrian
assyrienne,Assyrian
assyriology,"Assyria, Assyriology"
assyrology,Assyriology
assytia,Assyria
astrology,astrology
astronomy,astronomy
athenian,Athens
athenian agora,Athenian Agora
athens,Athens
atlas,atlas
attic inscriptions online,Attic Inscriptions Online
attica,Attica
audio,audio
australia,Australia
austria,Austria
awdl,AWDL
awol,AWOL
awol internet archive,"AWOL, Internet Archive"
azerbaijan,Azerbaijan
babylon,Babylon
babylonia,Babylon
babylonian,Babylon
back list,backlist
backlist,backlist
bactria,Bactria
baf-o,BAF-Online
bahrain,Bahrain
bahrain archaeology,"Bahrain, archaeology"
balkan,Balkans
balkans,Balkans
balkans,
barack obama,Barack Obama
base de données,"data, database"
basor,BASOR
basp,BASP
basque,Basque
bazil,Bazil
beads,beads
belgium,Belgium
belgium classics,"Belgium, classics"
berlin,Berlin
bfsa,BFSA
biaa,BIAA
bible,"Bible, religion"
bible dead sea scrolls,"Bible, Dead Sea Scrolls, religion"
bible greek,"Bible, Greek, religion"
bible. apocrypha,"Bible, Apocrypha"
biblical,"Bible, religion"
bibliographical,bibliography
bibliographies,bibliography
bibliography,bibliography
bibliography. pedagogy,"bibliography, pedagogy"
biblioteca,library
bibliotheca,library
biblw,Bible
biography,biography
bips,BIPS
black sea,Black Sea
blog,blog
boeotia,Boeotia
boğazköy,Boğazköy
boletín,journal
boletines de la seb,"Boletines de la SEB, journal"
bollettino,journal
bones,bones
book,book
book of the dead,Book of the Dead
book review,book reviews
book reviews,book reviews
books,book
botany,Botany
brasil,Brazil
brazil,Brazil
brill,Brill
britain,Britain
britain. pas,"Britain, PAS"
britain. pas,"Britain, PAS"
british institute of archaeology at ankara,British Institute of Archaeology at Ankara
british museum,"British Museum, museums"
bronze,bronze
bronze age,bronze age
brooklyn museum,"Brooklyn Museum, museums"
buddhism,"Buddhism, religion"
buddhist,"Buddhism, religion"
buhen,Buhen
bulgaria,Bulgaria
bulletin,journal
bulletin board,bulletin board
bursians jahresberichte,Bursians Jahresberichte
byrsa,Byrsa
bysantine,Byzantium
byzad,ByzAD
byzantine,Byzantium
byzantine greek,"Byzantine Greek, Greek"
byzantine greek,
byzantine studies,byzantine studies
byzantine. visualization,"Byzantine, visualization"
byzantium,Byzantium
caa,CAA
cahiers,journal
cahiers de l’ecole du louvre,Cahiers de l’Ecole du Louvre
cairo,Cairo
calendar,calendar
california,California
call for papers,call for papers
cambodia,Cambodia
cambridge,Cambridge
canada,Canada
canda,Canada
caorc,CAORC
caria,Caria
carthage,Carthage
catacombs,catacombs
catalan,Catalan
catalog,catalogue
catalogue,catalogue
catalogues,catalogue
catalonia,catalonia
catlan,Catalan
caucasus,Caucasus
cdlb,CDLB
cdli,CDLI
cdli,Cuneiform Digital Library Initiative
center for hellenic studes,Center for Hellenic Studies
center for hellenic studies,Center for Hellenic Studies
center for hellenic studies,Center for Hellenic Studies
central asia,Central Asia
ceramicists,"ceramicists, ceramics, pottery"
ceramics,"pottery, ceramics"
cermics,"pottery, ceramics"
cg,CG
cgc,CG
cgc,CGC
chersonesos,Chersonesos
chile,Chile
china,China
chinese,Chinese
christian,"Christianity, religion"
christianity,"Christianity, religion"
christliche,"Christianity, religion"
chronique,journal
chronology,Chronology
chs,CHS
church,"church, religion, Christianity"
cicero,Cicero
cil,CIL
cirta,Cirta
cities,cities
cj online,CJ Online
clásica,classics
clásicos,classics
clasics,Classics
class,class
classica,classics
classical,classics
classical archaeology,"classical archaeology, archaeology"
classicist,classics
clássicos,classics
classics,classics
classocs,classics
classsics,classics
climate,climate
cnrs,CNRS
codex,codex
codicology,"codex, codicology"
coins,numismatics
cointhia,Corinthia
collaboration,collaboration
collaborative,collaboration
collecting,collecting
collection,collection
collections,collection
columbia,Columbia
commentary,commentary
commercial publisher,commercial publisher
community,collaboration
competition,competition
concordance,concordance
conference,conference
conference proceedings,conference proceedings
conferences,conference
congress,"congress, conference"
conservation,conservation
conservaton,conservation
constantina,Constantina
constantiople,Constantinople
coptic,"Coptic, egyptology"
corfu,Corfu
corinth,Corinth
corinthia,Corinthia
corpus,
corpus inscriptionem graecarum,Corpus Inscriptionem Graecarum
corsica,Corsica
crete,Crete
crimea,Crimea
crl,CRL
croatia,Croatia
croatian,Croatian
crowd source,"crowd source, crowdsource"
crowdsource,"crowdsource, crowd source"
crurch,"church, religion, christianity"
csad,CSAD
cuadernos,journal
cucd,CUCD
cucuteni,Cucuteni
cultural,culture
cultural heritage,cultural heritage
cultural property,Cultural Property
culture,culture
cuneform,cuneiform
cuneiform,cuneiform
cuneiform digital library initiative,Cuneiform Digital Library Initiative
cuneiform digitial library initiative,Cuneiform Digital Library Initiative
curriculum materials,"pedagogy, curriculum materials"
curse,curse
cva,CVA
cyclades,Cyclades
cyprus,Cyprus
cyriac,Syriac
czech republic,Czech Republic
dacia,Dacia
dai,DAI
dakhla,Dakhla
dakhleh,Dakhleh
damascus,Damascus
data,data
database,"data, database"
databases,"data, database"
datenbank,"data, database"
dccmt,DCCMT
dead sea scrolls,Dead Sea Scrolls
deir el medina,Deir el Medina
delos,Delos
delphi,Delphi
demlü,DemLü
demos,Demos
demotic,"Demotic, egyptology"
denmark,Denmark
description and travel,"description and travel, travel"
deutschen,German
deutsches archäologisches institut,DAI
dialogos,Dialogos
diaspora,Diaspora
dictionaries,dictionaries
dictionary,dictionaries
didymoi,Didymoi
digitaal library,"digital library, library"
digital archaeology,"digital archaeology, archaeology"
digital classics,"digital classics, classics"
digital humanities,"digital humanities, humanities"
digital libraries,"digital library, library"
digital library,"digital library, library"
digitization,digitization
digitized library,digitized library
digitsl library,"digital library, library"
digitzed library,digitized library
digizeitschfiten,DigiZeitschriften
digizeitschriften,DigiZeitschriften
directories,directories
directory,directory
diritto,law
dissertation,dissertation
dissertations,dissertations
diyala,Diyala
dlir,DLIR
document,document
documents,document
dodecanese,Dodecanese
données,data
dossiers,journal
drama,Drama
dss,Dead Sea Scrolls
dumbarton oaks,Dumbarton Oaks
dura-europos,Dura-Europos
dutch,Dutch
e-jahresbericht,e-Jahresbericht
e-sasanika,e-Sasanika
early christianity,"early Christianity, christianity, religion"
eastern mediterranean,Eastern Mediterranean
ebla,Ebla
ecology,Ecology
economy,Economy
edfu,Edfu
editorial,editorial
education,education
ees,EES
egigraphy,epigraphy
egpigraphy,epigraphy
egyot,Egypt
egyprology,Egyprology
egypt,Egypt
egypt exploration society,EES
egypt. egyptology,"Egypt, Egyptology"
égypte,Egypt
egyptian,Egyptian
egyptian museum,"Egyptian Museum, museums"
égyptienne,Egypt
egyptological,Egyptology
egyptology,Egyptology
egyptology abbreviations,"Egyptology, abbreviations"
egyptology giza necropolis,"Egyptology, Giza, necropolis"
egyptology. exhibition,"Egyptology, exhibition"
egyptology. religion,"egyptology, religion"
egyptology. religion,"Egyptology, religion"
egyptomania,Egyptomania
egyptoplogy,Egyptology
egypy,Egypt
egypyology,Egyptology
egytology,Egyptology
egyyptology,Egyptology
ejournal,journal
elamite,Elamite
elephantine,Elephantine
eleusis,Eleusis
emar,Emar
emel,EMEL
empires,"empires, imperial"
encoding,encoding
encyclopaedia,encyclopedia
encyclopedia,encyclopedia
engineering,"engineering, technology"
england,England
englanf,England
english,English
enkomi,Enkomi
environment,environment
environmental,environmental
eó̲a kai espéria : periodikó ti̲s etaireías érev̲nas to̲n schéseo̲n tou mesaio̲nikoú kai néou elli̲nismoú me ti̲ dýsi̲.,
epic,epic
epigraphic,epigraphy
epigraphica,epigraphy
epigraphy,epigraphy
epigrasphy,epigraphy
etana,ETANA
ethiopia,Ethiopia
ethiopic,Ethiopic
ethnoarchaeology,Ethnoarchaeology
ethnography,ethnography
etruscan,Etruscans
etruscans,Etruscans
euclid,Euclid
europe,Europe
excavation,archaeology
excavations,archaeology
exegsis,exegesis
exhibition,exhibition
exhibition catalogue,"exhibition, catalogue, exhibition catalogue"
exhibitions catalogue,"exhibition, catalogue, exhibition catalogue"
expedition,archaeology
experimental archaeology,"experimental archaeology, archaeology"
eyptology,Egyptology
fachbibliothek,library
fayoum,Fayoum
fayyum,Fayyum
feminism,feminism
festschrift,Festschrift
figurines,figurines
film,video
filología,philology
finland,Finland
flavius josephus,Flavius Josephus
flickr,"flickr, imagery"
florilegium,florilegium
food,food
forensic anthropology,forensic anthropology
forma vrbis,Forma Urbis
fortification,fortifications
fortifications,fortifications
forum,forum
fouilles,"excavations, archaeology"
français,French
france,France
francs,France
frans,France
french,French
frontier,frontier
fs stolper,FS Stolper
fund,fund
fyrom,FYROM
g.r.i.m.m.,G.R.I.M.M.
gaius valerius catullus,Gaius Valerius Catullus
gallo-roman,"Gaul, Gallo-Roman, Roman"
games,games
gandhari,Gandhari
gaul,Gaul
gaza,Gaza
gedenkschrift,Gedenkschrift
gemany,Germany
gender,gender
gender studies,gender studies
genesis,"Genesis, Bible, religion"
genizah,Genizah
geoarchaeology,"archaeology, geoarchaeology"
geography,geography
geograpy,geography
georgia,Georgia
georgian,Georgian
german,German
germany,Germany
germay,Germany
getty,Getty
gezer,Gezer
gǝʿǝz,Gǝʿǝz
gilf kebir,Gilf Kebir
gis,GIS
gis. archaeology,"GIS, archaeology"
giza,Giza
glass,glass
glossary,glossary
glyptic,glyptic
gnosticism,Gnosticism
google earth,"Google Earth, geography"
graecae,Greek
graffiti,graffiti
grammar,grammar
grants,grants
great britain,Great Britain
grecoroman,"Greece, Rome"
greece,Greece
greece aegean,"Greece, Aegean"
greek,Greek
greek bible,"Greek Bible, Bible"
greek coptic,"Greek, Coptic"
greek dictionaries,"Greek, dictionaries, Greek dictionaries"
greek world,Greek world
greek. latin,"Greek, Latin"
greet,Greek
griechische welt,Greek world
griffith institute,Griffith Institute
grmany,Germany
guatemala,Guatemala
guidebook,guidebooks
guidebooks,guidebooks
gurob,Gurob
habu,habu
hagiography,hagiography
halki,Halki
harvard,Harvard
hatay,Hatay
hebrew,Hebrew
hebrew dictionary,"Hebrew Dictionary, dictionaries, Hebrew"
hebrew jewish studies,"Hebrew, jewish studies"
hebrew manuscripts,Hebrew manuscripts
hellenic,"Hellenic, Hellenism"
hellenism,Hellenism
hellenistc mesopotamia,"Hellenistic Mesopotamia, Mesopotamia, Hellenistic"
hellenistic,Hellenistic
heracleópolis magna,Heracleópolis Magna
herculaneum,Herculaneum
heritage,heritage
herodotus,Herodotus
hesperia,"Hesperia, journal"
hierakonpolis,Hierakonpolis
hieratic,Hieratic
hieroglyphs,Hieroglyphs
histoire,history
historia,history
história,history
historians,history
historica,history
historical,history
historical geograaphy,Historical Geography
historical jesus,historical Jesus
historiography,historiography
histort,history
history,history
history of science,history of science
hittite,Hittite
homer,Homer
hormos,Hormos
hpm,HPM
humanities,humanities
humor,humor
hungary,Hungary
huns,Huns
hvmanitas,Hvmanitas
hydrology,hydrology
iaa,IAA
iconography,iconography
illustration,illustration
image,imagery
image database,"image database, imagery, database"
images,imagery
imaging,imagery
imperial,"empires, imperial"
incunabula,incunabula
india,India
indian,Indian
indoeuropean,Indoeuropean
indology,Indology
industry,industry
inner asia, Inner Asia
inscription,Inscription
inscriptions,"epigraphy, inscriptions"
inscriptions architecture,"inscriptions, architecture"
inscriptionum,"epigraphy, inscriptions"
insriptions,"epigraphy, inscriptions"
institut français d'archéologie orientale,Institut français d'archéologie orientale
institut français d'études anatoliennes,Institut Français d'Études Anatoliennes
institut français d’archéologie orientale,Institut français d’archéologie orientale
institut français d’archéologie orientale - le caire,Institut français d’archéologie orientale - Le Caire
institute for the study of the ancient world,Institute for the Study of the Ancient World
institute of nautical archaeology,Institute of Nautical Archaeology
institutional repositories,institutional repository
institutional repository,institutional repository
international council of museums,International Council of Museums
international council on monuments and sites,International Council on Monuments and Sites
iran,Iran
iranian,Iran
iranica,Iran
iraq,Iraq
iraq mesopotamia,"Iraq, Mesopotamia"
iraq. mesoptamia,"Iraq, Mesopotamia"
ireland,Ireland
irrigation,irrigation
isaw,Institute for the Study of the Ancient World
isis,"Isis, religion"
islam,"Islam, religion"
islamic,"Islam, religion"
israel,Israel
issue,"journal issues, journal"
ista,ISTA
istanbul,Istanbul
ital,Italy
italian,Italian
italy,Italy
itaq,Iraq
itsly,Italy
japan,Japan
jericho,Jericho
jerusalam,Jerusalem
jerusalem,Jerusalem
jesot,JESOT
jewish,"Judaisim, religion"
jewish studies,Jewish studies
jews,Jews
jiia,JIIA
jordan,Jordan
journal,journal
journal issues,journal issues
journals,journal
jstor,JSTOR
judaica,Judaica
judaisim,"Judaism, religion"
judaism,"Judaism, religion"
jvrp,JVRP
k-12,K-12
kabah,Kabah
kaneš,Kaneš
karnak,Karnak
karpatica,Karpatica = Karpatyka
karpatica = karpatyka,Karpatica = Karpatyka
karpatyka,Karpatica = Karpatyka
kazakhstan,Kazakhstan
kerma,Kerma
kharga oasis,Kharga Oasis
khazakstan,Kazakhstan
khirbat al mafjar,Khirbat al Mafjar
khirgizstan,Kyrgyzstan
klassische archäologie,"classical archaeology, archaeology"
klassische sprachen und literaturen,"classical languages and literature, classics"
kml,KML
kmz,KMZ
kom firin,Kom Firin
kommos,Kommos
korea,Korea
kos,Kos
kültepe,Kültepe
kurdistan,Kurdistan
kuwait,Kuwait
kyrgyzstan,Kyrgyzstan
lagtin,Latin
lamentations,Lamentations
language,language
language. concordance,"language, concordance"
language. concordance,"language, concordance"
languages,language
languge,language
larsa,Larsa
late antiquity,late antiquity
latim,Latin
latin,Latin
latina,Latin
latinarum,Latin
latinorum,Latin
law,law
lawdi,"LAWDI, LOD, linked open data, open data"
learned society,learned society
lebanon,Lebanon
lecture series,lecture series
lemmatization,lemmatization
lepontic,Lepontic
levant,Levant
lexciography,"lexicography, dictionaries"
lexicography,"lexicography, dictionaries"
lexicograpy,"lexicography, dictionaries"
lexicon,"lexicon, lexicography, dictionaries"
lexicon abbreviaturarum,Lexicon abbreviaturarum
libraries,libraries
libraries,
library,library
libya,Libya
linear a,Linear A
linear b,Linear B
linguistics,linguistics
linked data,linked data
linked open data,"linked open data, LOD"
literary,literature
literature,literature
literature art,"literature, art"
lithics,lithics
liturgy,liturgy
live stream,live streaming
lod,"LOD, linked open data"
loeb classical library,Loeb Classical Library
london,London
looting,looting
los angeles county art museum,Los Angeles County Art Museum
luwian,Luwian
luxor,Luxor
lxx,LXX
lycia,Lycia
lydia,Lydia
lykaonia,Lykaonia
macedonia,Macedonia
magazine,magazine
maghreb,Maghreb
magic,magic
magreb,Maghreb
mailing list,mailing list
malta,Malta
mandaic,Mandaic
manscripts,manuscripts
manual,manual
manuscript,manuscripts
manuscripts,manuscripts
map,maps
maps,maps
mar shiprim,Mar Shiprim
mari,Mari
maritime archaeology,"archaeology, nautical archaeology"
marseille,Marseille
material culture,material culture
materials,materials
materials science,materials science
mathematics,mathematics
max planck institute for the history of science,Max Planck Institute for the History of Science
maya antiquities,Maya antiquities
mdog,MDOG
mechanics,mechanics
mediaeval,Middle Ages
mediaevalia,Middle Ages
medica,medica
medicine,medicine
medieval,Middle Ages
medinet,
medinet el-ghurob,Medinet el-Ghurob
medinet habu,Medinet Habu
mediterranean,Mediterranean
méditerranée,Mediterranean
megiddo,Megiddo
mellon foundation,Mellon Foundation
mémoires,journal
memphis,Memphis
merj,MERJ
mesopotamia,Mesopotamia
mesopotamian,Mesopotamia
mespotamia,Mesopotamia
metallurgy,metallurgy
metalurgy,metallurgy
metre,meter
metropolitan museum if art,Metropolitan Museum of Art
metropolitan museum of art,Metropolitan Museum of Art
metropolitan museum of art,"Metropolitan Museum of Art, museums"
metu,METU
mexico,Mexico
michigan,Michigan
middle ages,Middle Ages
middle east,Middle East
middle euphrates,Middle Euphrates
middle kingdom,Middle Kingdom
military,military
minoan,Minoan
mithraism,"Mithraism, religion"
mittheilungen der deutschen orient-gesellschaft,Mittheilungen der Deutschen Orient-Gesellschaft
mmaf,MMAF
mms,MMS
moldova,Moldova
monastcism,monasticism
mongolia,Mongolia
monograph,monograph
monographs,monograph
montenegro,Montenegro
monty python,Monty Python
monuments,monuments
mooc,MOOC
morocco,Morocco
mosaics,mosaics
mosul museum,"Mosul Museum, museums"
msl,MSL
multimedia,multimedia
mummies,mummies
munich,Munich
musawwarat es sufra,Musawwarat es Sufra
musée,museums
museo,museums
museum,museums
museum catalogue,"museum catalogue, catalogue, museums"
museums,museums
music,music
musical,music
musicology,"music, musicology"
musik,music
musikalisch,music
mycenae,Mycenae
mycenaean,Mycenean
mycenean,Mycenean
mythology,mythology
myths,mythology
names,"names, onomastics"
natural history,natural history
naukratis,Naukratis
nautical archaeology,"archaeology, nautical archaeology"
naval architecture,naval architecture
nea,NEA
near east,Near East
nederlands instituut voor het nabije oosten,Nederlands Instituut voor het Nabije Oosten
neo-latin,Neo-Latin
neoassyrian,Neoassyrian
neolatin,Neo-Latin
neolithic,neolithic
netherlads institute for the near easat,Netherlands Institute for the Near East
netherland,Netherlands
netherlands,Netherlands
netherlands institute for the near east,Netherlands Institute for the Near East
nethernalds,Netherlands
new testament,"New Testament, Bible, religion"
new zealand,New Zealand
newsletter,newsletter
newsletters,newsletter
ngo,NGO
nimrud,Nimrud
nineveh,Nineveh
nino,NINO
nisyros,Nisyros
no longer open access,closed access
nordafrika,North Africa
north africa,North Africa
norway,Norway
not open access,closed access
noua tellus,Noua Tellus
nova tellvs,Nova Tellvs
nubia,Nubia
nubian sondage survey,"Nubian Sondage Survey, Nubia"
numidia,Numidia
numismatic,numismatics
numismatics,numismatics
nuzi,Nuzi
nyu,NYU
o;d kingdom,old kingdom
oasis,oasis
old assyrian,Old Assyrian
old babylonian,Old Babylonian
old irish,Old Irish
old kingdom,old kingdom
old kingdom,
old testament,"Old Testament, Bible"
old turkic,Old Turkic
oman,Oman
omens,omens
online coins of the roman empire (ocre),Online Coins of the Roman Empire (OCRE)
online conference,online conference
online course,online course
online library,"digital library, library"
onomastics,"onomastics, names"
opac,OPACs
opacs,OPACs
open access,open access
open access journal,"open access, journal"
open access publisher,"open access, open access publisher"
open context,open context
open data,open data
open repository,open repository
oral history,Oral History
oriental institute,Oriental Institute
orientalia,
ostia,Ostia
outreach,outreach
ovid,Ovid
oxford,Oxford
pacedonia,Pacedonia
pacific,Pacific
pakistan,Pakistan
palaeobotany,palaeobotany
palaeography,palaeography
paleobiology,palaeobiology
paleography,palaeography
paleopathology,paleopathology
palestine,Palestine
palethnologie,Palethnologie
palmyra,Palmyra
palmyrene,Palmyrene
papers,
papurology,papyrology
papyri,papyrology
papyrological,papyrology
papyrologt,Papyrology
papyrology,papyrology
papyrology. egypt,"papyrology, Egypt"
papyrology. epigraphy,"papyrology, epigraphy"
papyrology. epigraphy,"papyrology, epigraphy"
papyrus,papyrology
parthia,Parthia
pas,PAS
patristics,patristics
patrologia,patrologia
payrology,papyrology
pedagagy,pedagogy
pedagogy,pedagogy
pedgogy,pedagogy
peloponnese,Peloponnese
pennsylvania,Pennsylvania
periodicals,journal
persee,Persée
persée,Persée
persepolis,Persepolis
perseus,Perseus
persia,Persia
persian,Persian
persian empire,Persian Empire
persian gulf,Persian Gulf
perspectives,
petra,Petra
petrology,petrology
philologica,philology
philologie,philology
philology,philology
philosophy,philosophy
phoenician,Phoenician
photo,imagery
photographs,imagery
photography,"photography, imagery"
photostream,imagery
phototography,"photography, imagery"
phrygia,Phrygia
pioneering open access journal,"pioneering open access journal, open access, journal"
places,geography
plato,Plato
pleiades,Pleiades
podcast,podcast
podcasting,"podcasting, podcast, audio"
podcasts,"podcasting, podcast, audio"
poetics,poetics
poetry,poetry
poland,Poland
polybius,Polybius
pompei,Pompeii
pompeii,Pompeii
portal,
portraiture,portraiture
portugal,Portugal
portugese,Portuguese
portuguese,Portuguese
portus,Portus
postprints,postprints
potter,"potter, ceramics, pottery"
pottery,"pottery, ceramics"
prehistoria,prehistory
prehistoric,prehistory
préhistorique,prehistory
prehistory,prehistory
preprints,prepublication
prepublication,prepublication
presentations,presentations
preservation,preservation
presocratics,Presocratics
priene,Priene
primer,primer
prize,prize
proceedings,proceedings
procheorient,Procheorient
project,project
prosopographical,prosopography
prosopography,prosopography
proverbs,Proverbs
ptolemaic,Ptolemaic
publication,
publications,
publisher,publisher
publishing,
publius ovidius naso,Publius Ovidius Naso
punic,Punic
pylos,Pylos
qatar,Qatar
quarterly,journal
qumran,Qumran
quran,Quran
qurna,Qurna
rabbinics,"Rabbinics, religion, Judaism"
raetic,Raetic
ras shamra,Ras Shamra
reac,REAC
reception,reception
receptoin,reception
red sea,Red Sea
reference,reference
religion,religion
religious,religion
religon,religion
renaissance,Renaissance
report,report
reports,report
repository,repository
republic of georgia,"Republic of Georgia, Georgia"
research archives,research archives
reviews,journal
revista,journal
revue,journal
rezeption,reception
rhetoric,rhetoric
rhodes,Rhodes
rida,Rida
ridrom,RIDROM
ritual,ritual
rivista,journal
roma,Roma
roman,Roman
roman archaeology,"Roman archaeology, archaeology, Roman"
roman art,Roman art
roman empire,"Roman Empire, Roman"
roman law,"Roman law, law"
romana,Roman
romania,Romania
romanian,Romanian
romanian archaeology,"archaeology, Romania, Romanian archaeology"
romano,Roman
rome,Rome
römisches reich,"Roman Empire, Roman"
rupestrian,rupestrian
russia,Russia
russian,Russian
saguntum,Saguntum
salamis,Salamis
samaria,Samaria
sanscrit,Sanskrit
sanskrit,Sanskrit
saqqara,Saqqara
sararia,Samaria
sardinia,Sardinia
sardis,Sardis
sasanian,Sasanian
saudi arabia,Saudi Arabia
sawama,Sawama
sbl,SBL
scanned,digitization
science,science
scs,Society for Classical Studies
sculpture,sculpture
scuplture,sculpture
seals,seals
seb,SEB
sebaste,Sebaste
secondary school,secondary school
selective open access,mixed access
seleucia,Seleucia
semantics,semantics
semitic,semitics
semitic languages and literature,Semitic languages and literature
semitics,semitics
semitische sprachen und literaturen,Semitic languages and literature
senepse,SENEPSE
septuagint,"Septuagint, Bible, religion"
serbia,Serbia
serbian,Serbian
serie,series
sexuality,sexuality
siac,SIAC
sicily,Sicily
sigillography,sigillography
silwan,Silwan
sinai,Sinai
siraf,Siraf
sites,
slavery,slavery
slovakia,Slovakia
slovenia,Slovenia
slovenian,Slovenian
slovenie,Slovenia
snails,snails
social network,social network
société internationale des amis de cicéron,Société Internationale des Amis de Cicéron
society for classical studies,Society for Classical Studies
society for classical studies. american philological association,"American Philological Association, Society for Classical Studies"
society of biblical literature,SBL
society of euboean studies,Society of Euboean Studies
software,software
sources,
south africa,South Africa
south arabia,"Arabia, South Arabia"
south asia,South Asia
south asia archaeology,"South Asia Archaeology, archaeology"
southeast asia,Southeast Asia
sovenia,Slovenia
soviet union,Soviet Union
spain,Spain
spanish,Spanish
spasin,Spain
sri lanka,Sri Lanka
statuary,statuary
storia,history
student journal,"student journal, journal"
studien zu produktion,Studien zu Produktion
subsistenz und umwelt im frühen vorderasien,Subsistenz und Umwelt im frühen Vorderasien
sudan,Sudan
suisse,Switzerland
sumerian,Sumerian
sumerian mesopotamia,Sumerian Mesopotamia
sunerian,Sumerian
survey,survey
swat,Swat
sweden,Sweden
switzerland,Switzerland
switzerland. latin,"Switzerland, Latin"
symposium,conference
syntax,syntax
syrac,Syriac
syracuse,Syracuse
syria,Syria
syriac,Syriac
syrian,Syrian
talmud,Talmud
targum,Targum
tartarstan,Tartarstan
tataristan,Tartarstan
tavo,TAVO
teaching,teaching
technology,technology
tell al fahhar,Tell al Fahhar
tell brak,Tell Brak
tell el-amarna,Tell el-Amarna
tell hariri,Tell Hariri
tell khaiber,Tell Khaiber
tell mardikh,Tell Mardikh
temples,"religion, temples"
terra sebus,Terra Sebus
text,text
text corpus,text editions
text editions,text editions
textbook,textbooks
textbooks,textbooks
texts,
the caucasus,The Caucasus
the jezreel valley regional project,JVRP
the jezreel valley regional project (jvrp),JVRP
the nelson glueck school of biblical archaeology,The Nelson Glueck School of Biblical Archaeology
the society for the promotion of roman studies,The Society for the Promotion of Roman Studies
theater,theater
theatre,theater
theatrical,theater
theban,Thebes
theban necropolis,Theban Necropolis
thebes,Thebes
theological,"theology, religion"
theology,"theology, religion"
thera,Thera
thesaurus,thesaurus
thesaurus linguae graecae,Thesaurus Linguae Graecae
theses,theses
thrace,Thrace
tibet,Tibet
tilmen höyük,Tilmen Höyük
time,time
tlg,Thesaurus Linguae Graecae
tlg,TLG
tocharian,Tocharian
tome,tome
tools,tools
tourism,tourism
trade,trade
translation,translation
translations,translations
translator,translator
transylvania,Transylvania
travel,travel
trismegistos,Trismegistos
trypillia,Trypillia
tuba-ar,Tuba-Ar
tunisia,Tunisia
turkey,Turkey
turkey anatolia,"Turkey, Anatolia"
turkish,Turkish
turkmenistan,Turkmenistan
tutorial,tutorial
ugarit,Ugarit
ugaritic,Ugaritic
uk,UK
uk bibliography,"UK, bibliography"
ukraine,Ukraine
unesco,UNESCO
university,
university of chicago libraries,University of Chicago Libraries
university of oxford,University of Oxford
university of toronto,University of Toronto
ur,Ur
urartian,Urartian
urbanism,urbanism
uruk,Uruk
usa,USA
ussr,USSR
uxmal,Uxmal
uzbekistan,Uzbekistan
valencia,Valencia
valley of the queens,Valley of the Queens
vatican city,Vatican City
venezuela,Venezuela
verlag c.h.beck,Verlag C.H.Beck
verlag ferdinand schöningh,Verlag Ferdinand Schöningh
verlag otto sagner,Verlag Otto Sagner
verlage vandenhoeck & ruprecht und v & r unipress,Verlage Vandenhoeck & Ruprecht und V & R unipress
video,video
video journal,video journal
vietnam,Vietnam
virgil,Virgil
virtual libraries,"digital library, library"
virtual library,"digital library, library"
visualisation,visualization
visualization,visualization
vocabulary,vocabulary
vulgate,Vulgate
wales,Wales
war,war
web,website
website,website
west bank,West Bank
whenonge?,
wiki,wiki
wilbout library,"Wilbout Library, library"
wilhelm fink verlag,Wilhelm Fink Verlag
william matthew flinders petrie,William Matthew Flinders Petrie
women,women
womens' studies,womens' studies
wood,Wood
writing,writing
xanthos,Xanthos
yale,Yale
yemen,Yemen
youtube,"video, youtube"
yucatan,Yucatan
zagreb,Zagreb
zahi hawass,Zahi Hawass
zdmg,ZDMG
zeitschrift,journal
zenon,Zenon
zinjirli,Zinjirli
zoroastrianism,"Zoroastrianism, religion"
ה- קדם,ה- קדם
